Timestamp	Niederschlag  [mm/h]	Verdunstung berechnet [mm/h]	Grundwasserstand  [m Ã¼. NN]
2016-12-12	0.0282	0.0206	0.3178
2016-12-13	0.0000	0.0440	0.3027
2016-12-14	0.0000	0.0435	0.2903
2016-12-15	0.0000	0.0383	0.2819
2016-12-16	0.0000	0.0294	0.2731
2016-12-17	0.0000	0.0477	0.2624
2016-12-18	0.0382	0.0347	0.2543
2016-12-19	0.0219	0.0295	0.2528
2016-12-20	0.0000	0.0275	0.2481
2016-12-21	0.0000	0.0269	0.2425
2016-12-22	0.0000	0.0327	0.2359
2016-12-23	0.0000	0.0403	0.2286
2016-12-24	0.0000	0.0313	0.2236
2016-12-25	0.0238	0.0665	0.2412
2016-12-26	0.0295	0.0490	0.2821
2016-12-27	0.0226	0.0529	0.3173
2016-12-28	0.0000	0.0459	0.3074
2016-12-29	0.0000	0.0350	0.3099
2016-12-30	0.0000	0.0389	0.2970
2016-12-31	0.0000	0.0420	0.2821
2017-01-01	0.0000	0.0540	0.2722
2017-01-02	0.0088	0.0448	0.2616
2017-01-03	0.0038	0.0291	0.2514
2017-01-04	0.0652	0.0606	0.2453
2017-01-05	0.0852	0.0373	0.2407
2017-01-06	0.0063	0.0268	0.2350
2017-01-07	0.0125	0.0075	0.2291
2017-01-08	0.1372	0.0169	0.2290
2017-01-09	0.0000	0.0366	0.2249
2017-01-10	0.0063	0.0374	0.2232
2017-01-11	0.0313	0.0415	0.2190
2017-01-12	0.0551	0.0350	0.2643
2017-01-13	0.0295	0.0584	0.2717
2017-01-14	0.0802	0.0219	0.2638
2017-01-15	0.0138	0.0227	0.2721
2017-01-16	0.0370	0.0135	0.2825
2017-01-17	0.0025	0.0318	0.2812
2017-01-18	0.0000	0.0361	0.2573
2017-01-19	0.0000	0.0244	0.2335
2017-01-20	0.0000	0.0284	0.2266
2017-01-21	0.0000	0.0279	0.2225
2017-01-22	0.0000	0.0307	0.2210
2017-01-23	0.0000	0.0368	0.2152
2017-01-24	0.0000	0.0198	0.2110
2017-01-25	0.0000	0.0344	0.2045
2017-01-26	0.0000	0.0360	0.1998
2017-01-27	0.0000	0.0751	0.1996
2017-01-28	0.0000	0.0830	0.1976
2017-01-29	0.0000	0.0734	0.1934
2017-01-30	0.0163	0.0375	0.1899
2017-01-31	0.1867	0.0241	0.2402
2017-02-01	0.0369	0.0328	0.3809
2017-02-02	0.0000	0.0848	0.4626
2017-02-03	0.0000	0.0814	0.5458
2017-02-04	0.0163	0.0551	0.5558
2017-02-05	0.0589	0.0531	0.5562
2017-02-06	0.0263	0.0295	0.5591
2017-02-07	0.0000	0.0783	0.5544
2017-02-08	0.0050	0.0357	0.5504
2017-02-09	0.0000	0.0465	0.5462
2017-02-10	0.0000	0.0677	0.5417
2017-02-11	0.0000	0.0924	0.5387
2017-02-12	0.0000	0.0566	0.5276
2017-02-13	0.0000	0.0335	0.5175
2017-02-14	0.0000	0.0996	0.5085
2017-02-15	0.0000	0.1402	0.4962
2017-02-16	0.0000	0.1401	0.4807
2017-02-17	0.2249	0.0353	0.5064
2017-02-18	0.0207	0.0805	0.5578
2017-02-19	0.0000	0.1159	0.5637
2017-02-20	0.0025	0.1040	0.5781
2017-02-21	0.1597	0.0461	0.5909
2017-02-22	0.0207	0.1674	0.6057
2017-02-23	0.0000	0.2403	0.5798
2017-02-24	0.1034	0.0853	0.5631
2017-02-25	0.0013	0.1233	0.5545
2017-02-26	0.0000	0.1079	0.5429
2017-02-27	0.0000	0.1919	0.5374
2017-02-28	0.1165	0.0802	0.5358
2017-03-01	0.0000	0.1569	0.5451
2017-03-02	0.0226	0.1303	0.5422
2017-03-03	0.0000	0.2176	0.5340
2017-03-04	0.0025	0.3297	0.5292
2017-03-05	0.0438	0.1296	0.5318
2017-03-06	0.1190	0.1620	0.5307
2017-03-07	0.1422	0.0477	0.5457
2017-03-08	0.0432	0.1204	0.5431
2017-03-09	0.3013	0.0510	0.5675
2017-03-10	0.0727	0.1801	0.5734
2017-03-11	0.0000	0.2211	0.5434
2017-03-12	0.0000	0.2194	0.5280
2017-03-13	0.0000	0.1935	0.5190
2017-03-14	0.0000	0.2280	0.5146
2017-03-15	0.0000	0.2014	0.5075
2017-03-16	0.0000	0.2236	0.5030
2017-03-17	0.0201	0.3141	0.4992
2017-03-18	0.0883	0.1897	0.5066
2017-03-19	0.1616	0.2183	0.5318
2017-03-20	0.0000	0.2296	0.5293
2017-03-21	0.0125	0.0901	0.5196
2017-03-22	0.0727	0.0777	0.5243
2017-03-23	0.0000	0.1987	0.5232
2017-03-24	0.0000	0.1035	0.5166
2017-03-25	0.0000	0.1338	0.5102
2017-03-26	0.0000	0.1547	0.5049
2017-03-27	0.0000	0.2864	0.4977
2017-03-28	0.0000	0.3361	0.4879
2017-03-29	0.0000	0.2955	0.4749
2017-03-30	0.0000	0.3395	0.4576
2017-03-31	0.0000	0.3955	0.4406
2017-04-01	0.0000	0.2992	0.4260
2017-04-02	0.0000	0.2756	0.4073
2017-04-03	0.1215	0.1479	0.4121
2017-04-04	0.0858	0.0911	0.4974
2017-04-05	0.0063	0.0894	0.5189
2017-04-06	0.0520	0.0923	0.5137
2017-04-07	0.0000	0.1942	0.5105
2017-04-08	0.0000	0.3322	0.5031
2017-04-09	0.0000	0.3855	0.4924
2017-04-10	0.0000	0.4150	0.4778
2017-04-11	0.0958	0.1042	0.4929
2017-04-12	0.0000	0.3451	0.5063
2017-04-13	0.0000	0.2454	0.5006
2017-04-14	0.0000	0.2116	0.4892
2017-04-15	0.0100	0.1874	0.4768
2017-04-16	0.3783	0.0705	0.5109
2017-04-17	0.2687	0.1092	0.5447
2017-04-18	0.1409	0.0910	0.5560
2017-04-19	0.1284	0.0813	0.5372
2017-04-20	0.0088	0.1448	0.5319
2017-04-21	0.0000	0.2389	0.5340
2017-04-22	0.0150	0.2413	0.5448
2017-04-23	0.0438	0.1920	0.5437
2017-04-24	0.0000	0.3506	0.5296
2017-04-25	0.0764	0.2131	0.5212
2017-04-26	0.1359	0.0695	0.5289
2017-04-27	0.1309	0.0753	0.5450
2017-04-28	0.1936	0.0663	0.5507
2017-04-29	0.0000	0.3054	0.5483
2017-04-30	0.0000	0.3963	0.5385
2017-05-01	0.1854	0.2184	0.5290
2017-05-02	0.0363	0.3423	0.5457
2017-05-03	0.0714	0.1357	0.5322
2017-05-04	0.0996	0.1858	0.5322
2017-05-05	0.0564	0.2658	0.5502
2017-05-06	0.0420	0.3469	0.5341
2017-05-07	0.0652	0.1416	0.5393
2017-05-08	0.2500	0.1166	0.5502
2017-05-09	0.0457	0.1158	0.5670
2017-05-10	0.0000	0.4098	0.5421
2017-05-11	0.0000	0.4412	0.5264
2017-05-12	0.1428	0.3049	0.5248
2017-05-13	0.0451	0.3331	0.5327
2017-05-14	0.3038	0.2864	0.5364
2017-05-15	0.1096	0.2133	0.5556
2017-05-16	0.0000	0.5121	0.5374
2017-05-17	0.0000	0.5798	0.5276
2017-05-18	0.0000	0.3829	0.5191
2017-05-19	0.0933	0.2691	0.5150
2017-05-20	0.0000	0.1640	0.5154
2017-05-21	0.0420	0.3211	0.5146
2017-05-22	0.0000	0.4498	0.5092
2017-05-23	0.0138	0.4703	0.4972
2017-05-24	0.0432	0.2781	0.4877
2017-05-25	0.0783	0.3435	0.4982
2017-05-26	0.0013	0.5803	0.4961
2017-05-27	0.0000	0.6251	0.4724
2017-05-28	0.0000	0.6723	0.4376
2017-05-29	0.0000	0.6876	0.4028
2017-05-30	0.0971	0.4168	0.3822
2017-05-31	0.1691	0.3852	0.4787
2017-06-01	0.0551	0.3225	0.5109
2017-06-02	0.0420	0.3420	0.5109
2017-06-03	0.0000	0.5396	0.5077
2017-06-04	0.0833	0.1931	0.5103
2017-06-05	0.1804	0.2275	0.5177
2017-06-06	0.1729	0.1424	0.5388
2017-06-07	0.0075	0.4005	0.5399
2017-06-08	0.0000	0.5549	0.5235
2017-06-09	0.0100	0.4614	0.5120
2017-06-10	0.0370	0.4987	0.5094
2017-06-11	0.0000	0.6719	0.4955
2017-06-12	0.0000	0.4172	0.4699
2017-06-13	0.0000	0.6651	0.4351
2017-06-14	0.0000	0.5109	0.3986
2017-06-15	0.0000	0.5734	0.3655
2017-06-16	0.1748	0.3729	0.4366
2017-06-17	0.0000	0.4419	0.4873
2017-06-18	0.0000	0.6154	0.4750
2017-06-19	0.0000	0.6363	0.4299
2017-06-20	0.0025	0.5562	0.3905
2017-06-21	0.0125	0.6033	0.4578
2017-06-22	0.0000	0.6899	0.4855
2017-06-23	0.0000	0.6989	0.4505
2017-06-24	0.0000	0.4399	0.4072
2017-06-25	0.1478	0.2293	0.4234
2017-06-26	0.0626	0.6818	0.4283
2017-06-27	0.1278	0.3835	0.4527
2017-06-28	0.0833	0.2966	0.4877
2017-06-29	0.2850	0.3066	0.5177
2017-06-30	0.0820	0.3149	0.5275
2017-07-01	0.0420	0.3710	0.5199
2017-07-02	0.0213	0.1694	0.5140
2017-07-03	0.0545	0.3294	0.5178
2017-07-04	0.0000	0.6198	0.5137
2017-07-05	0.0000	0.6742	0.5015
2017-07-06	0.0000	0.6463	0.4804
2017-07-07	0.0000	0.5501	0.4418
2017-07-08	0.1747	0.5355	0.4695
2017-07-09	0.1140	0.3445	0.5029
2017-07-10	0.1384	0.2219	0.5141
2017-07-11	0.1547	0.4043	0.5239
2017-07-12	0.0420	0.4000	0.5266
2017-07-13	0.1178	0.2800	0.5255
2017-07-14	0.1898	0.1745	0.5226
2017-07-15	0.0696	0.1821	0.5347
2017-07-16	0.0000	0.5201	0.5228
2017-07-17	0.0000	0.5861	0.5126
2017-07-18	0.0251	0.4756	0.5032
2017-07-19	0.0125	0.5465	0.4914
2017-07-20	0.3025	0.3066	0.4998
2017-07-21	0.0050	0.3765	0.5244
2017-07-22	0.0113	0.4486	0.5161
2017-07-23	0.1128	0.1947	0.5193
2017-07-24	0.1691	0.1562	0.5281
2017-07-25	0.1804	0.1913	0.5480
2017-07-26	0.6233	0.1171	0.5802
2017-07-27	0.0063	0.1968	0.6308
2017-07-28	0.0789	0.1525	0.5849
2017-07-29	0.0025	0.4023	0.5563
2017-07-30	0.0789	0.4960	0.5305
2017-07-31	0.0013	0.4584	0.5192
2017-08-01	0.0664	0.6428	0.5126
2017-08-02	0.0063	0.4796	0.5206
2017-08-03	0.0000	0.5137	0.5166
2017-08-04	0.0100	0.3929	0.5096
2017-08-05	0.0038	0.4425	0.5024
2017-08-06	0.3746	0.1321	0.5298
2017-08-07	0.0000	0.4571	0.5376
2017-08-08	0.1666	0.3960	0.5251
2017-08-09	0.2205	0.2136	0.5549
2017-08-10	0.3408	0.1216	0.5453
2017-08-11	0.1654	0.1063	0.5946
2017-08-12	0.0589	0.1362	0.5635
2017-08-13	0.0000	0.3974	0.5397
2017-08-14	0.0000	0.4416	0.5255
2017-08-15	0.0000	0.5045	0.5185
2017-08-16	0.2205	0.3209	0.5277
2017-08-17	0.0000	0.4403	0.5259
2017-08-18	0.1829	0.4475	0.5190
2017-08-19	0.2581	0.1182	0.5444
2017-08-20	0.0050	0.2057	0.5426
2017-08-21	0.0000	0.2601	0.5279
2017-08-22	0.0000	0.3711	0.5211
2017-08-23	0.0000	0.3753	0.5140
2017-08-24	0.2781	0.4871	0.5069
2017-08-25	0.0000	0.4686	0.5278
2017-08-26	0.0000	0.3993	0.5232
2017-08-27	0.0000	0.3123	0.5161
2017-08-28	0.0520	0.2746	0.5104
2017-08-29	0.0000	0.4525	0.5221
2017-08-30	0.0000	0.4934	0.5172
2017-08-31	0.1704	0.1564	0.5132
2017-09-01	0.4710	0.1014	0.5733
2017-09-02	0.7692	0.0896	0.7181
2017-09-03	0.3101	0.1041	0.8101
2017-09-04	0.0000	0.2637	0.7623
2017-09-05	0.0244	0.1665	0.6874
2017-09-06	0.0295	0.1202	0.6312
2017-09-07	0.0100	0.2131	0.5893
2017-09-08	0.0000	0.3138	0.5564
2017-09-09	0.0507	0.1264	0.5343
2017-09-10	0.1410	0.1155	0.5393
2017-09-11	0.0088	0.1394	0.5344
2017-09-12	0.0827	0.1401	0.5312
2017-09-13	0.0000	0.1646	0.5260
2017-09-14	0.1115	0.1346	0.5271
2017-09-15	0.0000	0.2215	0.5313
2017-09-16	0.1998	0.1156	0.5404
2017-09-17	0.1084	0.1049	0.5470
2017-09-18	0.0426	0.1245	0.5367
2017-09-19	0.0601	0.0676	0.5336
2017-09-20	0.0908	0.0822	0.5415
2017-09-21	0.0013	0.2595	0.5350
2017-09-22	0.0000	0.2137	0.5277
2017-09-23	0.0000	0.2690	0.5234
2017-09-24	0.0025	0.1307	0.5219
2017-09-25	0.0000	0.1630	0.5193
2017-09-26	0.0000	0.2260	0.5216
2017-09-27	0.0000	0.1738	0.5188
2017-09-28	0.0163	0.2290	0.5147
2017-09-29	0.0000	0.1227	0.5109
2017-09-30	0.0251	0.2317	0.5060
2017-10-01	0.3940	0.0711	0.5449
2017-10-02	0.0088	0.1490	0.5375
2017-10-03	0.2424	0.0894	0.5443
2017-10-04	0.0000	0.1482	0.5522
2017-10-05	0.0382	0.3659	0.5302
2017-10-06	0.2074	0.0919	0.5447
2017-10-07	0.0395	0.1648	0.5476
2017-10-08	0.0150	0.0930	0.5336
2017-10-09	0.0213	0.0693	0.5274
2017-10-10	0.0056	0.1187	0.5343
2017-10-11	0.0000	0.1668	0.5310
2017-10-12	0.0000	0.0017	0.5282
2017-10-13	0.0000	0.0000	0.5251
2017-10-14	0.0000	0.0000	0.5216
2017-10-15	0.0000	0.0000	0.5187
2017-10-16	0.0000	0.0000	0.5146
2017-10-17	0.0000	0.0000	0.5098
2017-10-18	0.0000	0.1582	0.5043
2017-10-19	0.0000	0.2124	0.4952
2017-10-20	0.0000	0.1553	0.4817
2017-10-21	0.0000	0.1315	0.4662
2017-10-22	0.0689	0.0634	0.4763
2017-10-23	0.0689	0.0450	0.5058
2017-10-24	0.0194	0.0940	0.5340
2017-10-25	0.0000	0.1195	0.5313
2017-10-26	0.0000	0.1590	0.5265
2017-10-27	0.2882	0.0468	0.5391
2017-10-28	0.0000	0.1352	0.5606
2017-10-29	0.2048	0.1619	0.5483
2017-10-30	0.0000	0.0675	0.5581
2017-10-31	0.0000	0.0905	0.5435
2017-11-01	0.0000	0.0469	0.5382
2017-11-02	0.0000	0.0461	0.5365
2017-11-03	0.0319	0.0849	0.5398
2017-11-04	0.0000	0.1013	0.5413
2017-11-05	0.2180	0.0611	0.5423
2017-11-06	0.1378	0.0298	0.5865
2017-11-07	0.0013	0.0428	0.5656
2017-11-08	0.0000	0.0492	0.5481
2017-11-09	0.0000	0.0386	0.5427
2017-11-10	0.0000	0.0000	0.5404
2017-11-11	0.0000	0.0000	0.5458
2017-11-12	0.0000	0.0000	0.5687
2017-11-13	0.0589	0.0221	0.5845
2017-11-14	0.0282	0.0521	0.5609
2017-11-15	0.0000	0.0479	0.5483
2017-11-16	0.0000	0.0479	0.5427
2017-11-17	0.0000	0.0299	0.5414
2017-11-18	0.0000	0.0299	0.5416
2017-11-19	0.0238	0.0360	0.5450
2017-11-20	0.0000	0.0407	0.5469
2017-11-21	0.0088	0.0507	0.5480
2017-11-22	0.0000	0.0670	0.5466
2017-11-23	0.0000	0.0728	0.5432
2017-11-24	0.0000	0.0694	0.5406
2017-11-25	0.0445	0.0618	0.5396
2017-11-26	0.0576	0.0293	0.5434
2017-11-27	0.0025	0.0377	0.5421
2017-11-28	0.0000	0.0249	0.5401
2017-11-29	0.0833	0.0195	0.5394
2017-11-30	0.0213	0.0271	0.5426
2017-12-01	0.0000	0.0257	0.5413
2017-12-02	0.0000	0.0362	0.5353
2017-12-03	0.0000	0.0388	0.5328
2017-12-04	0.0407	0.0220	0.5311
2017-12-05	0.0194	0.0223	0.5402
2017-12-06	0.0000	0.0328	0.5404
2017-12-07	0.0000	0.0429	0.5376
2017-12-08	0.0739	0.0266	0.5401
2017-12-09	0.0169	0.0392	0.5472
2017-12-10	0.0013	0.0358	0.5467
2017-12-11	0.0000	0.0367	0.5558
2017-12-12	0.1547	0.0190	0.5770
2017-12-13	0.0000	0.0334	0.5630
2017-12-14	0.0382	0.0280	0.5536
2017-12-15	0.0677	0.0231	0.5590
2017-12-16	0.0307	0.0210	0.5563
2017-12-17	0.0601	0.0184	0.5482
2017-12-18	0.0000	0.0162	0.5427
2017-12-19	0.0013	0.0231	0.5402
2017-12-20	0.0150	0.0285	0.5366
2017-12-21	0.1021	0.0326	0.5344
2017-12-22	0.1140	0.0180	0.5590
2017-12-23	0.0157	0.0292	0.5946
2017-12-24	0.0000	0.0341	0.5689
2017-12-25	0.0000	0.0435	0.5530
2017-12-26	0.0000	0.0509	0.5498
2017-12-27	0.0432	0.0573	0.5424
2017-12-28	0.0388	0.0262	0.5439
2017-12-29	0.0000	0.0349	0.5438
2017-12-30	0.0520	0.0187	0.5456
2017-12-31	0.0194	0.0369	0.5594
2018-01-01	0.0138	0.0226	0.5610
2018-01-02	0.0025	0.0457	0.5539
2018-01-03	0.2292	0.0472	0.5758
2018-01-04	0.3652	0.0181	0.6188
2018-01-05	0.0119	0.0380	0.6262
2018-01-06	0.0000	0.0459	0.5860
2018-01-07	0.0000	0.0223	0.5644
2018-01-08	0.0000	0.0303	0.5539
2018-01-09	0.0000	0.0829	0.5556
2018-01-10	0.0000	0.0492	0.5492
2018-01-11	0.0138	0.0216	0.5456
2018-01-12	0.0013	0.0257	0.5454
2018-01-13	0.0000	0.0469	0.5434
2018-01-14	0.0000	0.0297	0.5382
2018-01-15	0.0000	0.0620	0.5319
2018-01-16	0.1961	0.0554	0.5395
2018-01-17	0.2117	0.0527	0.6020
2018-01-18	0.0025	0.0807	0.5932
2018-01-19	0.3370	0.0234	0.6111
2018-01-20	0.0752	0.0324	0.5927
2018-01-21	0.3101	0.0271	0.6001
2018-01-22	0.3733	0.0213	0.6048
2018-01-23	0.0770	0.0423	0.6559
2018-01-24	0.0000	0.0670	0.6127
2018-01-25	0.0000	0.0656	0.5911
2018-01-26	0.0000	0.0585	0.5761
2018-01-27	0.0000	0.0791	0.5632
2018-01-28	0.0000	0.0374	0.5576
2018-01-29	0.0000	0.0723	0.5543
2018-01-30	0.0000	0.0663	0.5515
2018-01-31	0.0000	0.0839	0.5491
2018-02-01	0.0445	0.0282	0.5492
2018-02-02	0.0000	0.0499	0.5510
2018-02-03	0.0013	0.0358	0.5466
2018-02-04	0.0000	0.0430	0.5418
2018-02-05	0.0000	0.0499	0.5355
2018-02-06	0.0000	0.0742	0.5293
2018-02-07	0.0000	0.0328	0.5179
2018-02-08	0.0013	0.0427	0.5066
2018-02-09	0.0000	0.0799	0.4972
2018-02-10	0.0013	0.0427	0.4876
2018-02-11	0.0320	0.0493	0.4844
2018-02-12	0.0251	0.0388	0.5009
2018-02-13	0.0000	0.0488	0.4904
2018-02-14	0.0000	0.0723	0.4736
2018-02-15	0.0589	0.0323	0.4688
2018-02-16	0.1579	0.0328	0.5594
2018-02-17	0.0125	0.0305	0.5757
2018-02-18	0.0050	0.0409	0.5611
2018-02-19	0.0000	0.0462	0.5512
2018-02-20	0.0088	0.0379	0.5448
2018-02-21	0.0013	0.0557	0.5409
2018-02-22	0.0013	0.0510	0.5355
2018-02-23	0.0000	0.0428	0.5301
2018-02-24	0.0000	0.0590	0.5246
2018-02-25	0.0000	0.0684	0.5146
2018-02-26	0.0000	0.0524	0.4996
2018-02-27	0.0013	0.0555	0.4817
2018-02-28	0.0000	0.0663	0.4631
2018-03-01	0.0000	0.0468	0.4493
2018-03-02	0.0000	0.0630	0.4335
2018-03-03	0.0000	0.1046	0.4322
2018-03-04	0.0000	0.1433	0.4578
2018-03-05	0.0000	0.0380	0.5056
2018-03-06	0.0000	0.0752	0.5539
2018-03-07	0.0063	0.0591	0.5497
2018-03-08	0.0000	0.1519	0.5457
2018-03-09	0.0000	0.0964	0.5412
2018-03-10	0.0025	0.1042	0.5411
2018-03-11	0.0000	0.1248	0.5453
2018-03-12	0.0038	0.1531	0.5455
2018-03-13	0.0013	0.1597	0.5406
2018-03-14	0.0150	0.1544	0.5371
2018-03-15	0.0000	0.0684	0.5318
2018-03-16	0.0470	0.1267	0.5369
2018-03-17	0.0269	0.1250	0.5392
2018-03-18	0.0063	0.0540	0.5406
2018-03-19	0.0013	0.0514	0.5336
2018-03-20	0.0000	0.0566	0.5276
2018-03-21	0.0150	0.0621	0.5204
2018-03-22	0.0000	0.1322	0.5155
2018-03-23	0.0294	0.0652	0.5189
2018-03-24	0.0000	0.1846	0.5361
2018-03-25	0.0000	0.2110	0.5563
2018-03-26	0.0088	0.0704	0.5520
2018-03-27	0.0226	0.1348	0.5350
2018-03-28	0.0745	0.0592	0.5392
2018-03-29	0.0689	0.0790	0.5442
2018-03-30	0.0000	0.0836	0.5397
2018-03-31	0.0877	0.0769	0.5374
2018-04-01	0.0163	0.1231	0.5415
2018-04-02	0.0000	0.0290	0.5360
2018-04-03	0.0000	0.0412	0.5394
2018-04-04	0.0013	0.0000	0.5349
2018-04-05	0.0269	0.0763	0.5247
2018-04-06	0.0113	0.2754	0.5187
2018-04-07	0.0000	0.2844	0.5059
2018-04-08	0.0000	0.3550	0.4869
2018-04-09	0.0000	0.1455	0.4652
2018-04-10	0.0000	0.3006	0.4480
2018-04-11	0.0000	0.0017	0.4282
2018-04-12	0.0000	0.2374	0.4136
2018-04-13	0.0025	0.3627	0.3969
2018-04-14	0.0000	0.3928	0.3821
2018-04-15	0.0000	0.2045	0.3724
2018-04-16	0.1265	0.0998	0.3989
2018-04-17	0.0369	0.3519	0.3022
2018-04-18	0.0000	0.4374	0.2056
2018-04-19	0.0000	0.4834	0.2304
2018-04-20	0.0000	0.4830	0.2518
2018-04-21	0.0000	0.4802	0.2607
2018-04-22	0.0000	0.4508	0.2635
2018-04-23	0.0125	0.3996	0.2655
2018-04-24	0.0232	0.4294	0.2935
2018-04-25	0.0000	0.4713	0.2854
2018-04-26	0.0276	0.1048	0.2917
2018-04-27	0.0000	0.3817	0.2917
2018-04-28	0.0000	0.4110	0.2777
2018-04-29	0.0000	0.5121	0.2665
2018-04-30	0.0063	0.3765	0.2592
2018-05-01	0.0000	0.2053	0.2517
2018-05-02	0.0000	0.2977	0.2484
2018-05-03	0.0125	0.1765	0.2434
2018-05-04	0.0514	0.1094	0.2844
2018-05-05	0.0000	0.3172	0.2732
2018-05-06	0.0000	0.4414	0.2599
2018-05-07	0.0000	0.4255	0.2450
2018-05-08	0.0000	0.4966	0.2339
2018-05-09	0.0294	0.2535	0.2333
2018-05-10	0.0226	0.2647	0.2546
2018-05-11	0.0157	0.3499	0.2651
2018-05-12	0.0025	0.3287	0.2439
2018-05-13	0.0000	0.3770	0.2305
2018-05-14	0.2562	0.2220	0.2375
2018-05-15	0.1948	0.1297	0.3578
2018-05-16	0.0858	0.1162	0.4172
2018-05-17	0.0520	0.1469	0.5196
2018-05-18	0.0564	0.3231	0.5199
2018-05-19	0.3458	0.2105	0.5175
2018-05-20	0.1372	0.2377	0.5296
2018-05-21	0.0025	0.3976	0.5341
2018-05-22	0.2155	0.3381	0.5258
2018-05-23	0.0075	0.3038	0.5262
2018-05-24	0.0088	0.2451	0.5215
2018-05-25	0.0000	0.4544	0.5132
2018-05-26	0.0000	0.4990	0.5010
2018-05-27	0.0000	0.2783	0.4858
2018-05-28	0.0000	0.4535	0.4693
2018-05-29	0.0000	0.4247	0.4519
2018-05-30	0.0382	0.5640	0.4765
2018-05-31	0.1384	0.4377	0.4796
2018-06-01	0.0038	0.2205	0.5391
2018-06-02	0.0000	0.4000	0.5258
2018-06-03	0.0000	0.6130	0.5141
2018-06-04	0.0063	0.4205	0.5023
2018-06-05	0.0000	0.4872	0.4891
2018-06-06	0.0075	0.3471	0.4788
2018-06-07	0.0896	0.2490	0.4873
2018-06-08	0.1303	0.3976	0.5025
2018-06-09	0.0601	0.4230	0.5119
2018-06-10	0.0138	0.4656	0.5287
2018-06-11	0.0332	0.4631	0.5184
2018-06-12	0.2756	0.2266	0.5246
2018-06-13	0.3063	0.1226	0.6551
2018-06-14	0.0013	0.3437	0.6193
2018-06-15	0.0000	0.5778	0.5576
2018-06-16	0.0000	0.6070	0.5274
2018-06-17	0.0163	0.2404	0.5141
2018-06-18	0.0000	0.2358	0.5682
2018-06-19	0.0000	0.4196	0.5451
2018-06-20	0.0000	0.6475	0.5216
2018-06-21	0.1021	0.4906	0.5111
2018-06-22	0.0157	0.3678	0.5369
2018-06-23	0.0000	0.4512	0.5292
2018-06-24	0.0000	0.3780	0.5173
2018-06-25	0.0251	0.2221	0.5180
2018-06-26	0.0000	0.3612	0.5182
2018-06-27	0.0445	0.3108	0.5099
2018-06-28	0.0896	0.1351	0.5113
2018-06-29	0.0013	0.3005	0.5709
2018-06-30	0.0000	0.4900	0.5385
2018-07-01	0.0000	0.5588	0.5214
2018-07-02	0.0000	0.5430	0.5082
2018-07-03	0.0050	0.2809	0.4927
2018-07-04	0.0013	0.3332	0.4774
2018-07-05	0.0896	0.2074	0.4684
2018-07-06	0.0601	0.1409	0.5163
2018-07-07	0.0307	0.3131	0.5408
2018-07-08	0.0000	0.2307	0.5256
2018-07-09	0.0013	0.5431	0.5135
2018-07-10	0.0113	0.2593	0.5054
2018-07-11	0.0564	0.2537	0.5081
2018-07-12	0.0000	0.5504	0.5027
2018-07-13	0.0000	0.5496	0.4826
2018-07-14	0.0000	0.4918	0.4493
2018-07-15	0.1697	0.4177	0.4534
2018-07-16	0.0013	0.4017	0.4851
2018-07-17	0.0188	0.3309	0.4772
2018-07-18	0.0025	0.5368	0.4625
2018-07-19	0.0000	0.6374	0.4263
2018-07-20	0.0407	0.4364	0.3968
2018-07-21	0.0896	0.1961	0.4052
2018-07-22	0.0583	0.1521	0.4389
2018-07-23	0.1259	0.2549	0.5173
2018-07-24	0.0000	0.5867	0.5201
2018-07-25	0.0933	0.5650	0.5031
2018-07-26	0.0000	0.5645	0.5109
2018-07-27	0.0000	0.5769	0.5023
2018-07-28	0.0000	0.4671	0.4820
2018-07-29	0.0238	0.5831	0.4553
2018-07-30	0.0000	0.6554	0.4152
2018-07-31	0.0000	0.6659	0.3760
2018-08-01	0.0000	0.6108	0.3435
2018-08-02	0.1791	0.4736	0.3203
2018-08-03	0.0063	0.5681	0.4169
2018-08-04	0.0000	0.5353	0.3768
2018-08-05	0.0125	0.3731	0.3420
2018-08-06	0.0000	0.5351	0.3130
2018-08-07	0.0000	0.3273	0.2896
2018-08-08	0.0000	0.3968	0.2717
2018-08-09	0.0088	0.4735	0.2643
2018-08-10	0.3539	0.1212	0.4472
2018-08-11	0.0000	0.4077	0.5170
2018-08-12	0.0000	0.4735	0.4980
2018-08-13	0.1203	0.3540	0.4903
2018-08-14	0.0288	0.1754	0.5175
2018-08-15	0.0013	0.3800	0.5103
2018-08-16	0.0000	0.4814	0.4986
2018-08-17	0.0000	0.4349	0.4817
2018-08-18	0.0000	0.4146	0.4554
2018-08-19	0.0000	0.4100	0.4244
2018-08-20	0.0000	0.4080	0.3992
2018-08-21	0.0000	0.4317	0.3735
2018-08-22	0.0000	0.3584	0.3504
2018-08-23	0.1998	0.2198	0.3820
2018-08-24	0.0533	0.1501	0.5010
2018-08-25	0.0489	0.1091	0.5213
2018-08-26	0.0113	0.1960	0.5168
2018-08-27	0.0000	0.3007	0.5057
2018-08-28	0.0000	0.3986	0.4933
2018-08-29	0.0294	0.3825	0.4788
2018-08-30	0.0821	0.0909	0.5152
2018-08-31	0.3126	0.0873	0.5340
2018-09-01	0.3627	0.0850	0.6252
2018-09-02	0.0100	0.1113	0.6064
2018-09-03	0.0000	0.2456	0.5606
2018-09-04	0.0013	0.1342	0.5269
2018-09-05	0.0000	0.3608	0.5091
2018-09-06	0.2562	0.3156	0.5087
2018-09-07	0.1090	0.1074	0.5678
2018-09-08	0.0000	0.3263	0.5306
2018-09-09	0.0000	0.3738	0.5126
2018-09-10	0.0000	0.3700	0.5048
2018-09-11	0.0000	0.3919	0.4972
2018-09-12	0.0000	0.4091	0.4888
2018-09-13	0.1203	0.2724	0.4814
2018-09-14	0.0871	0.1599	0.5233
2018-09-15	0.1291	0.1133	0.5260
2018-09-16	0.0000	0.2887	0.5213
2018-09-17	0.0201	0.3252	0.5127
2018-09-18	0.2474	0.1521	0.5110
2018-09-19	0.0000	0.3054	0.5216
2018-09-20	0.0000	0.3411	0.5141
2018-09-21	0.0282	0.3064	0.5066
2018-09-22	0.0307	0.1512	0.5105
2018-09-23	0.1021	0.1785	0.5124
2018-09-24	0.2186	0.1393	0.5364
2018-09-25	0.0000	0.2218	0.5275
2018-09-26	0.0000	0.2507	0.5156
2018-09-27	0.0000	0.2731	0.5087
2018-09-28	0.0000	0.2682	0.5035
2018-09-29	0.0000	0.1906	0.4998
2018-09-30	0.0000	0.2569	0.4937
2018-10-01	0.3565	0.0591	0.5235
2018-10-02	0.0351	0.1584	0.5453
2018-10-03	0.0000	0.0881	0.5230
2018-10-04	0.0000	0.2061	0.5155
2018-10-05	0.0000	0.2316	0.5096
2018-10-06	0.0000	0.2053	0.5058
2018-10-07	0.0025	0.0948	0.5031
2018-10-08	0.0000	0.1863	0.4981
2018-10-09	0.0000	0.2034	0.4922
2018-10-10	0.0000	0.2143	0.4815
2018-10-11	0.0000	0.2380	0.4672
2018-10-12	0.0000	0.2458	0.4501
2018-10-13	0.0000	0.2122	0.4318
2018-10-14	0.0000	0.2384	0.4191
2018-10-15	0.0000	0.2316	0.4040
2018-10-16	0.0000	0.2198	0.3883
2018-10-17	0.0000	0.1964	0.3757
2018-10-18	0.0000	0.1718	0.3646
2018-10-19	0.0000	0.1463	0.3539
2018-10-20	0.0000	0.1532	0.3431
2018-10-21	0.0000	0.1178	0.3331
2018-10-22	0.0000	0.1308	0.3221
2018-10-23	0.0000	0.1582	0.3137
2018-10-24	0.1598	0.1398	0.3570
2018-10-25	0.0000	0.1460	0.3832
2018-10-26	0.0000	0.1369	0.3776
2018-10-27	0.1560	0.0390	0.4299
2018-10-28	0.0413	0.0366	0.5200
2018-10-29	0.1059	0.0346	0.5190
2018-10-30	0.0119	0.1069	0.5250
2018-10-31	0.0000	0.1002	0.5160
2018-11-01	0.0000	0.1264	0.5074
2018-11-02	0.0038	0.0587	0.5002
2018-11-03	0.0050	0.0789	0.4945
2018-11-04	0.0000	0.0650	0.4878
2018-11-05	0.0000	0.1499	0.4813
2018-11-06	0.0000	0.1204	0.4699
2018-11-07	0.0000	0.1295	0.4554
2018-11-08	0.0013	0.0604	0.4375
2018-11-09	0.0000	0.0360	0.4234
2018-11-10	0.0000	0.1056	0.4120
2018-11-11	0.0000	0.1202	0.3985
2018-11-12	0.0000	0.1287	0.3847
2018-11-13	0.0000	0.0805	0.3707
2018-11-14	0.0000	0.0731	0.3588
2018-11-15	0.0000	0.0300	0.3472
2018-11-16	0.0000	0.0304	0.3375
2018-11-17	0.0000	0.0602	0.3286
2018-11-18	0.0000	0.0233	0.3120
2018-11-19	0.0138	0.0294	0.3115
2018-11-20	0.0000	0.0483	0.3061
2018-11-21	0.0000	0.0197	0.2927
2018-11-22	0.0000	0.0449	0.2852
2018-11-23	0.0000	0.0375	0.2773
2018-11-24	0.0063	0.0313	0.2841
2018-11-25	0.0000	0.0276	0.2887
2018-11-26	0.0125	0.0275	0.2968
2018-11-27	0.0432	0.0196	0.3171
2018-11-28	0.0000	0.0397	0.3099
2018-11-29	0.0000	0.0408	0.2946
2018-11-30	0.0088	0.0335	0.3119
2018-12-01	0.0088	0.0235	0.3479
2018-12-02	0.0295	0.0219	0.3431
2018-12-03	0.0658	0.0430	0.4105
2018-12-04	0.0996	0.0299	0.5233
2018-12-05	0.0013	0.0260	0.5406
2018-12-06	0.0025	0.0320	0.5301
2018-12-07	0.0000	0.0261	0.5215
2018-12-08	0.0075	0.1200	0.5261
2018-12-09	0.0138	0.0455	0.5341
2018-12-10	0.0288	0.0393	0.5464
2018-12-11	0.0269	0.0285	0.5370
2018-12-12	0.0000	0.0329	0.5261
2018-12-13	0.0000	0.0271	0.5163
2018-12-14	0.0000	0.0253	0.5052
2018-12-15	0.0000	0.0357	0.4932
2018-12-16	0.0025	0.0233	0.4757
2018-12-17	0.0000	0.0248	0.4583
2018-12-18	0.0000	0.0381	0.4412
2018-12-19	0.0000	0.0278	0.4270
2018-12-20	0.0000	0.0389	0.4166
2018-12-21	0.0507	0.0361	0.4254
2018-12-22	0.1115	0.0413	0.5097
2018-12-23	0.0050	0.0189	0.5620
2018-12-24	0.3101	0.0206	0.6053
2018-12-25	0.0013	0.0289	0.5804
2018-12-26	0.0000	0.0377	0.5424
2018-12-27	0.0000	0.0381	0.5284
2018-12-28	0.0000	0.0345	0.5215
2018-12-29	0.0000	0.0217	0.5120
2018-12-30	0.0714	0.0227	0.5226
2018-12-31	0.1573	0.0161	0.5428
2019-01-01	0.0000	0.0224	0.5564
2019-01-02	0.1178	0.0459	0.5400
2019-01-03	0.0150	0.0433	0.5298
2019-01-04	0.0100	0.0284	0.5236
2019-01-05	0.2437	0.0344	0.5232
2019-01-06	0.3890	0.0169	0.5569
2019-01-07	0.0332	0.0200	0.5698
2019-01-08	0.0958	0.0315	0.5539
2019-01-09	0.2029	0.0341	0.5519
2019-01-10	0.0175	0.0194	0.5467
2019-01-11	0.0175	0.0348	0.5419
2019-01-12	0.0207	0.0265	0.5396
2019-01-13	0.2293	0.0306	0.5482
2019-01-14	0.2318	0.0321	0.5824
2019-01-15	0.0132	0.0341	0.5937
2019-01-16	0.0000	0.0439	0.5786
2019-01-17	0.0000	0.0622	0.5542
2019-01-18	0.0025	0.0755	0.5418
2019-01-19	0.0000	0.0411	0.5361
2019-01-20	0.0000	0.0409	0.5312
2019-01-21	0.0000	0.0233	0.5250
2019-01-22	0.0000	0.0384	0.5198
2019-01-23	0.0000	0.0232	0.5148
2019-01-24	0.0025	0.0459	0.5124
2019-01-25	0.0013	0.0486	0.5100
2019-01-26	0.0432	0.0280	0.5070
2019-01-27	0.0025	0.0550	0.5107
2019-01-28	0.0213	0.0856	0.5150
2019-01-29	0.0457	0.0626	0.5110
2019-01-30	0.0000	0.0466	0.5081
2019-01-31	0.0000	0.0787	0.5043
2019-02-01	0.0000	0.0957	0.5045
2019-02-02	0.1272	0.0296	0.5185
2019-02-03	0.2781	0.0263	0.5465
2019-02-04	0.0144	0.0535	0.5475
2019-02-05	0.0000	0.0600	0.5394
2019-02-06	0.0000	0.0669	0.5320
2019-02-07	0.0050	0.0405	0.5260
2019-02-08	0.0138	0.0759	0.5261
2019-02-09	0.0000	0.0698	0.5244
2019-02-10	0.0369	0.1306	0.5241
2019-02-11	0.0833	0.0553	0.5340
2019-02-12	0.0451	0.0365	0.5393
2019-02-13	0.0000	0.0881	0.5332
2019-02-14	0.0000	0.1075	0.5274
2019-02-15	0.0000	0.1189	0.5230
2019-02-16	0.0000	0.1303	0.5203
2019-02-17	0.0000	0.1355	0.5191
2019-02-18	0.0000	0.1350	0.5175
2019-02-19	0.0000	0.1358	0.5153
2019-02-20	0.0000	0.1051	0.5148
2019-02-21	0.0000	0.1298	0.5144
2019-02-22	0.1372	0.0389	0.5290
2019-02-23	0.0000	0.0563	0.5504
2019-02-24	0.0000	0.0834	0.5497
2019-02-25	0.0000	0.1355	0.5460
2019-02-26	0.0000	0.1652	0.5439
2019-02-27	0.0000	0.1844	0.5455
2019-02-28	0.0000	0.2573	0.5510
2019-03-01	0.0432	0.0627	0.5638
2019-03-02	0.0063	0.0473	0.5764
2019-03-03	0.0000	0.1571	0.5684
2019-03-04	0.0175	0.1968	0.5654
2019-03-05	0.0000	0.2271	0.5782
2019-03-06	0.0000	0.2042	0.5767
2019-03-07	0.0908	0.1375	0.5891
2019-03-08	0.0100	0.0969	0.5826
2019-03-09	0.0150	0.2053	0.5678
2019-03-10	0.0576	0.1536	0.5711
2019-03-11	0.0263	0.1080	0.5580
2019-03-12	0.0157	0.1955	0.5462
2019-03-13	0.0025	0.1696	0.5418
2019-03-14	0.0821	0.0754	0.5319
2019-03-15	0.3270	0.0643	0.5500
2019-03-16	0.0000	0.3584	0.5691
2019-03-17	0.0727	0.3123	0.5399
2019-03-18	0.0463	0.1055	0.5356
2019-03-19	0.0150	0.1035	0.5315
2019-03-20	0.0000	0.2081	0.5231
2019-03-21	0.0000	0.2352	0.5174
2019-03-22	0.0000	0.2669	0.5112
2019-03-23	0.0000	0.3172	0.5048
2019-03-24	0.0000	0.3049	0.4992
2019-03-25	0.0589	0.0887	0.4972
2019-03-26	0.0088	0.1301	0.4988
2019-03-27	0.0000	0.1199	0.4947
2019-03-28	0.0000	0.2651	0.4910
2019-03-29	0.0000	0.2953	0.4818
2019-03-30	0.0000	0.3348	0.4714
2019-03-31	0.0000	0.3290	0.4599
2019-04-01	0.0000	0.2699	0.4454
2019-04-02	0.0000	0.3310	0.4329
2019-04-03	0.0000	0.3563	0.4218
2019-04-04	0.0000	0.1977	0.4114
2019-04-05	0.0188	0.1456	0.4121
2019-04-06	0.0000	0.2673	0.4004
2019-04-07	0.0213	0.2391	0.3976
2019-04-08	0.0996	0.0796	0.4729
2019-04-09	0.1409	0.1384	0.4876
2019-04-10	0.1447	0.0841	0.5303
2019-04-11	0.0088	0.0709	0.5302
2019-04-12	0.0000	0.0930	0.5195
2019-04-13	0.0507	0.1281	0.5123
2019-04-14	0.0708	0.0669	0.5237
2019-04-15	0.0000	0.2666	0.5241
2019-04-16	0.0000	0.2677	0.5139
2019-04-17	0.0000	0.3242	0.5061
2019-04-18	0.0000	0.3604	0.4958
2019-04-19	0.0000	0.4278	0.4862
2019-04-20	0.0000	0.4371	0.4722
2019-04-21	0.0000	0.4592	0.4558
2019-04-22	0.0000	0.4531	0.4371
2019-04-23	0.0000	0.3166	0.4221
2019-04-24	0.0000	0.4441	0.4053
2019-04-25	0.0000	0.3427	0.3896
2019-04-26	0.0908	0.1239	0.3935
2019-04-27	0.0407	0.2043	0.4149
2019-04-28	0.0489	0.1126	0.4323
2019-04-29	0.1647	0.0837	0.4715
2019-04-30	0.0934	0.0956	0.5150
2019-05-01	0.0013	0.3944	0.5211
2019-05-02	0.0213	0.3451	0.5101
2019-05-03	0.0984	0.1369	0.5164
2019-05-04	0.0457	0.1900	0.5184
2019-05-05	0.1973	0.0772	0.5302
2019-05-06	0.0332	0.1070	0.5397
2019-05-07	0.0000	0.3443	0.5436
2019-05-08	0.0000	0.2235	0.5361
2019-05-09	0.0326	0.2690	0.5264
2019-05-10	0.0176	0.2268	0.5212
2019-05-11	0.1754	0.1733	0.5238
2019-05-12	0.4040	0.0900	0.5711
2019-05-13	0.0345	0.1356	0.5738
2019-05-14	0.0251	0.1710	0.5406
2019-05-15	0.0501	0.0942	0.5323
2019-05-16	0.0000	0.2513	0.5283
2019-05-17	0.0000	0.3023	0.5221
2019-05-18	0.0000	0.3603	0.5161
2019-05-19	0.0175	0.2446	0.5105
2019-05-20	0.7454	0.1109	0.5555
2019-05-21	0.4078	0.1365	0.7137
2019-05-22	0.0395	0.1235	0.7034
2019-05-23	0.0000	0.4380	0.6624
2019-05-24	0.0000	0.3817	0.6222
2019-05-25	0.1278	0.3026	0.5896
2019-05-26	0.0796	0.2212	0.5832
2019-05-27	0.0382	0.1366	0.5615
2019-05-28	0.3063	0.1227	0.5745
2019-05-29	0.2086	0.1136	0.6130
2019-05-30	0.0232	0.1875	0.6099
2019-05-31	0.0000	0.2318	0.5893
2019-06-01	0.0000	0.5874	0.5707
2019-06-02	0.0000	0.6205	0.5527
2019-06-03	0.0601	0.5715	0.5314
2019-06-04	0.0207	0.5793	0.5241
2019-06-05	0.0000	0.6803	0.5137
2019-06-06	0.0457	0.2089	0.5048
2019-06-07	0.0000	0.7358	0.5014
2019-06-08	0.0000	0.3428	0.4863
2019-06-09	0.0013	0.4259	0.4699
2019-06-10	0.0175	0.4533	0.4586
2019-06-11	0.0013	0.4210	0.4418
2019-06-12	0.0088	0.2253	0.4301
2019-06-13	0.0000	0.5393	0.4141
2019-06-14	0.0000	0.6552	0.3907
2019-06-15	0.0038	0.4259	0.3697
2019-06-16	0.0858	0.1836	0.3985
2019-06-17	0.0000	0.5486	0.3849
2019-06-18	0.0000	0.6055	0.3644
2019-06-19	0.0833	0.5909	0.3993
2019-06-20	0.1240	0.3409	0.3901
2019-06-21	0.0777	0.3789	0.4342
2019-06-22	0.1616	0.2428	0.5039
2019-06-23	0.0069	0.3619	0.5337
2019-06-24	0.0000	0.6499	0.5183
2019-06-25	0.0000	0.7237	0.4996
2019-06-26	0.0000	0.7692	0.4708
2019-06-27	0.0000	0.7099	0.4274
2019-06-28	0.0000	0.7347	0.3870
2019-06-29	0.0000	0.6984	0.3486
2019-06-30	0.0000	0.7202	0.3169
2019-07-01	0.0382	0.3113	0.2987
2019-07-02	0.0821	0.4149	0.3389
2019-07-03	0.0000	0.3427	0.3165
2019-07-04	0.0000	0.5762	0.2884
2019-07-05	0.0000	0.5689	0.2680
2019-07-06	0.0138	0.4155	0.2507
2019-07-07	0.1560	0.2480	0.3087
2019-07-08	0.0745	0.1316	0.3991
2019-07-09	0.0000	0.1734	0.4014
2019-07-10	0.0013	0.4714	0.3717
2019-07-11	0.0432	0.2065	0.3507
2019-07-12	0.1278	0.1653	0.3893
2019-07-13	0.1046	0.1844	0.4697
2019-07-14	0.0307	0.3413	0.5222
2019-07-15	0.0000	0.2985	0.5089
2019-07-16	0.0000	0.4862	0.4925
2019-07-17	0.0000	0.4835	0.4708
2019-07-18	0.0000	0.4190	0.4385
2019-07-19	0.0000	0.4634	0.4056
2019-07-20	0.1127	0.4959	0.3848
2019-07-21	0.0996	0.3062	0.4344
2019-07-22	0.0000	0.5385	0.4304
2019-07-23	0.0000	0.6131	0.3911
2019-07-24	0.0000	0.6126	0.3523
2019-07-25	0.0000	0.5982	0.3197
2019-07-26	0.0000	0.4460	0.2944
2019-07-27	0.0677	0.3293	0.2922
2019-07-28	0.4103	0.1348	0.3297
2019-07-29	0.1447	0.2460	0.5238
2019-07-30	0.0000	0.4265	0.5269
2019-07-31	0.0846	0.1843	0.5135
2019-08-01	0.0000	0.4727	0.5110
2019-08-02	0.1666	0.1812	0.5112
2019-08-03	0.0050	0.2971	0.5361
2019-08-04	0.0000	0.4865	0.5197
2019-08-05	0.0000	0.3072	0.5043
2019-08-06	0.2731	0.1555	0.5189
2019-08-07	0.0188	0.1605	0.5320
2019-08-08	0.1015	0.4696	0.5296
2019-08-09	0.0000	0.5549	0.5182
2019-08-10	0.0125	0.1705	0.5052
2019-08-11	0.0113	0.4802	0.4976
2019-08-12	0.5944	0.1386	0.5328
2019-08-13	0.1735	0.1279	0.5971
2019-08-14	0.0514	0.3446	0.5610
2019-08-15	0.0896	0.2399	0.5322
2019-08-16	0.0745	0.3871	0.5360
2019-08-17	0.0000	0.2320	0.5263
2019-08-18	0.0000	0.5323	0.5150
2019-08-19	0.1002	0.2215	0.5158
2019-08-20	0.1604	0.1297	0.5214
2019-08-21	0.1835	0.1211	0.5663
2019-08-22	0.0000	0.2010	0.5489
2019-08-23	0.0000	0.3084	0.5278
2019-08-24	0.0908	0.2950	0.5199
2019-08-25	0.4203	0.2786	0.5290
2019-08-26	0.0000	0.3183	0.5980
2019-08-27	0.0000	0.4487	0.5441
2019-08-28	0.0000	0.4057	0.5244
2019-08-29	0.0345	0.1430	0.5174
2019-08-30	0.0000	0.4121	0.5096
2019-08-31	0.0000	0.4179	0.5017
2019-09-01	0.1278	0.2464	0.4972
2019-09-02	0.1572	0.0891	0.5548
2019-09-03	0.0000	0.3309	0.5492
2019-09-04	0.0000	0.3671	0.5276
2019-09-05	0.1497	0.0953	0.5225
2019-09-06	0.0344	0.0863	0.5379
2019-09-07	0.1078	0.0881	0.5452
2019-09-08	0.2756	0.0742	0.5543
2019-09-09	0.0282	0.1519	0.5861
2019-09-10	0.0000	0.2860	0.5593
2019-09-11	0.0100	0.2732	0.5371
2019-09-12	0.0013	0.2678	0.5306
2019-09-13	0.0000	0.3366	0.5221
2019-09-14	0.0000	0.2956	0.5155
2019-09-15	0.0000	0.3307	0.5093
2019-09-16	0.0000	0.3205	0.5035
2019-09-17	0.0000	0.3048	0.4958
2019-09-18	0.0000	0.2338	0.4857
2019-09-19	0.0000	0.2758	0.4705
2019-09-20	0.0000	0.2292	0.4527
2019-09-21	0.0000	0.2643	0.4367
2019-09-22	0.0000	0.1481	0.4252
2019-09-23	0.0370	0.0784	0.4365
2019-09-24	0.0013	0.1663	0.4579
2019-09-25	0.0175	0.0759	0.4596
2019-09-26	0.0175	0.0740	0.4705
2019-09-27	0.0000	0.1731	0.4764
2019-09-28	0.0639	0.0902	0.5060
2019-09-29	0.0000	0.2372	0.5142
2019-09-30	0.0000	0.2977	0.5053
2019-10-01	0.0000	0.2560	0.4968
2019-10-02	0.1610	0.0996	0.5101
2019-10-03	0.0188	0.1479	0.5357
2019-10-04	0.0150	0.0711	0.5252
2019-10-05	0.0050	0.0585	0.5372
2019-10-06	0.0175	0.0598	0.5515
2019-10-07	0.0038	0.1194	0.5463
2019-10-08	0.0000	0.0921	0.5339
2019-10-09	0.0063	0.0505	0.5292
2019-10-10	0.0088	0.1305	0.5359
2019-10-11	0.0075	0.1765	0.5269
2019-10-12	0.0000	0.1795	0.5198
2019-10-13	0.0000	0.2062	0.5152
2019-10-14	0.0000	0.1505	0.5108
2019-10-15	0.0000	0.2483	0.5075
2019-10-16	0.1829	0.1406	0.5266
2019-10-17	0.0000	0.1712	0.5250
2019-10-18	0.0000	0.1646	0.5178
2019-10-19	0.0000	0.0899	0.5116
2019-10-20	0.0000	0.0844	0.5083
2019-10-21	0.0000	0.1513	0.5036
2019-10-22	0.0000	0.1157	0.4974
2019-10-23	0.0000	0.1865	0.4901
2019-10-24	0.0000	0.2174	0.4810
2019-10-25	0.0000	0.0589	0.4650
2019-10-26	0.0000	0.1332	0.4495
2019-10-27	0.0000	0.1495	0.4323
2019-10-28	0.0752	0.0366	0.4546
2019-10-29	0.1146	0.0365	0.4923
2019-10-30	0.2149	0.0370	0.5372
2019-10-31	0.1165	0.0386	0.5508
2019-11-01	0.0013	0.0631	0.5354
2019-11-02	0.0000	0.0892	0.5256
2019-11-03	0.0251	0.0439	0.5206
2019-11-04	0.0044	0.0808	0.5204
2019-11-05	0.1804	0.0328	0.5326
2019-11-06	0.0013	0.0355	0.5371
2019-11-07	0.0000	0.0871	0.5273
2019-11-08	0.0013	0.0476	0.5208
2019-11-09	0.0288	0.0339	0.5185
2019-11-10	0.0000	0.0771	0.5168
2019-11-11	0.0000	0.0544	0.5123
2019-11-12	0.0714	0.0274	0.5193
2019-11-13	0.1347	0.0233	0.5300
2019-11-14	0.0000	0.0614	0.5329
2019-11-15	0.0871	0.1436	0.5366
2019-11-16	0.0013	0.0298	0.5425
2019-11-17	0.1729	0.0219	0.5495
2019-11-18	0.0000	0.0594	0.5536
2019-11-19	0.0000	0.0538	0.5366
2019-11-20	0.0000	0.0341	0.5292
2019-11-21	0.0000	0.0608	0.5248
2019-11-22	0.0000	0.0320	0.5207
2019-11-23	0.0000	0.1433	0.5195
2019-11-24	0.0000	0.0909	0.5145
2019-11-25	0.0000	0.0482	0.5085
2019-11-26	0.0000	0.0423	0.5041
2019-11-27	0.0063	0.0424	0.5023
2019-11-28	0.0163	0.0426	0.5012
2019-11-29	0.1328	0.0328	0.5074
2019-11-30	0.0119	0.0234	0.5353
2019-12-01	0.0000	0.0202	0.5209
2019-12-02	0.0201	0.0235	0.5109
2019-12-03	0.0000	0.0333	0.5061
2019-12-04	0.0000	0.0331	0.4987
2019-12-05	0.0000	0.0354	0.4866
2019-12-06	0.0000	0.0475	0.4703
2019-12-07	0.0000	0.0384	0.4629
2019-12-08	0.0000	0.0458	0.4539
2019-12-09	0.0595	0.0432	0.4597
2019-12-10	0.1366	0.0258	0.5288
2019-12-11	0.0000	0.0215	0.5372
2019-12-12	0.0175	0.0182	0.5246
2019-12-13	0.0000	0.0275	0.5230
2019-12-14	0.0075	0.0474	0.5235
2019-12-15	0.0000	0.0449	0.5177
2019-12-16	0.0000	0.1113	0.5159
2019-12-17	0.0000	0.1228	0.5311
2019-12-18	0.0000	0.0529	0.5309
2019-12-19	0.0000	0.0951	0.5268
2019-12-20	0.0000	0.0136	0.5227
2019-12-21	0.1453	0.0000	0.5340
2019-12-22	0.0100	0.0000	0.5420
2019-12-23	0.0815	0.0000	0.5381
2019-12-24	0.0733	0.0230	0.5384
2019-12-25	0.1328	0.0553	0.5474
2019-12-26	0.0000	0.0359	0.5540
2019-12-27	0.1159	0.0198	0.5475
2019-12-28	0.0013	0.0312	0.5536
2019-12-29	0.0000	0.0342	0.5403
2019-12-30	0.0000	0.0417	0.5306
2019-12-31	0.0000	0.0423	0.5231
2020-01-01	0.0000	0.0374	0.5187
2020-01-02	0.0000	0.0437	0.5076
2020-01-03	0.0000	0.0308	0.4907
2020-01-04	0.0457	0.0235	0.4929
2020-01-05	0.0013	0.0681	0.4982
2020-01-06	0.0000	0.0513	0.4840
2020-01-07	0.0000	0.0294	0.4683
2020-01-08	0.0000	0.0465	0.4552
2020-01-09	0.0000	0.0650	0.4450
2020-01-10	0.0000	0.0565	0.4347
2020-01-11	0.0075	0.0342	0.4263
2020-01-12	0.0000	0.0524	0.4166
2020-01-13	0.0000	0.0555	0.4055
2020-01-14	0.0000	0.0775	0.3967
2020-01-15	0.0000	0.0723	0.3852
2020-01-16	0.0000	0.0684	0.3733
2020-01-17	0.0000	0.0687	0.3661
2020-01-18	0.0864	0.0222	0.4117
2020-01-19	0.0514	0.0272	0.4152
2020-01-20	0.0000	0.0361	0.3958
2020-01-21	0.0000	0.0359	0.3827
2020-01-22	0.0000	0.0384	0.3722
2020-01-23	0.0000	0.0370	0.3608
2020-01-24	0.0000	0.0515	0.3538
2020-01-25	0.0000	0.0347	0.3461
2020-01-26	0.0000	0.0502	0.3395
2020-01-27	0.0000	0.0725	0.3349
2020-01-28	0.1165	0.0457	0.3605
2020-01-29	0.0664	0.0287	0.3885
2020-01-30	0.0038	0.0635	0.4126
2020-01-31	0.0050	0.0773	0.5056
2020-02-01	0.0382	0.0956	0.5775
2020-02-02	0.1084	0.0335	0.5773
2020-02-03	0.5237	0.0425	0.6231
2020-02-04	0.2117	0.0484	0.6408
2020-02-05	0.0332	0.0492	0.6011
2020-02-06	0.0000	0.0754	0.5647
2020-02-07	0.0000	0.0809	0.5424
2020-02-08	0.0000	0.0913	0.5274
2020-02-09	0.0000	0.1156	0.5241
2020-02-10	0.1178	0.1182	0.5465
2020-02-11	0.2781	0.0830	0.6086
2020-02-12	0.0357	0.0442	0.5944
2020-02-13	0.0307	0.1100	0.5625
2020-02-14	0.0395	0.0596	0.5730
2020-02-15	0.0000	0.1197	0.5595
2020-02-16	0.0000	0.1191	0.5488
2020-02-17	0.0000	0.1604	0.5468
2020-02-18	0.0013	0.1651	0.5437
2020-02-19	0.0357	0.0526	0.5358
2020-02-20	0.0000	0.0750	0.5368
2020-02-21	0.0138	0.1442	0.5402
2020-02-22	0.0000	0.1771	0.5380
2020-02-23	0.0088	0.3259	0.5368
2020-02-24	0.0877	0.1375	0.5499
2020-02-25	0.0000	0.0794	0.5531
2020-02-26	0.0357	0.1150	0.5473
2020-02-27	0.0226	0.1042	0.5427
2020-02-28	0.0320	0.1221	0.5449
2020-02-29	0.0000	0.1899	0.5475
2020-03-01	0.0226	0.1686	0.5432
2020-03-02	0.0038	0.0956	0.5386
2020-03-03	0.0927	0.0696	0.5387
2020-03-04	0.0025	0.1275	0.5312
2020-03-05	0.0063	0.1252	0.5235
2020-03-06	0.0000	0.1721	0.5182
2020-03-07	0.0326	0.0643	0.5178
2020-03-08	0.0000	0.1631	0.5163
2020-03-09	0.0138	0.0809	0.5136
2020-03-10	0.1165	0.0548	0.5165
2020-03-11	0.0013	0.1642	0.5375
2020-03-12	0.0000	0.2324	0.5294
2020-03-13	0.0100	0.1108	0.5217
2020-03-14	0.0038	0.1178	0.5135
2020-03-15	0.0000	0.2368	0.5089
2020-03-16	0.0000	0.2880	0.5042
2020-03-17	0.0000	0.2246	0.4969
2020-03-18	0.0000	0.2741	0.4897
2020-03-19	0.0000	0.2840	0.4794
2020-03-20	0.0357	0.2378	0.4733
2020-03-21	0.0639	0.0564	0.5274
2020-03-22	0.0000	0.0948	0.5322
2020-03-23	0.0000	0.2120	0.5206
2020-03-24	0.0000	0.1890	0.5091
2020-03-25	0.0000	0.1880	0.5002
2020-03-26	0.0000	0.0932	0.4891
2020-03-27	0.0000	0.2497	0.4842
2020-03-28	0.0000	0.2730	0.4746
2020-03-29	0.0507	0.0871	0.4664
2020-03-30	0.0376	0.0626	0.4884
2020-03-31	0.0000	0.1465	0.5063
2020-04-01	0.0000	0.2217	0.5128
2020-04-02	0.0000	0.2658	0.5102
2020-04-03	0.0000	0.2629	0.5027
2020-04-04	0.0000	0.2946	0.4945
2020-04-05	0.0000	0.3121	0.4837
2020-04-06	0.0000	0.3931	0.4661
2020-04-07	0.0000	0.3943	0.4464
2020-04-08	0.0000	0.4127	0.4275
2020-04-09	0.0000	0.3567	0.4116
2020-04-10	0.0000	0.3847	0.3956
2020-04-11	0.0000	0.3728	0.3815
2020-04-12	0.0000	0.3315	0.3693
2020-04-13	0.0639	0.2745	0.3624
2020-04-14	0.1591	0.1814	0.4694
2020-04-15	0.0000	0.3267	0.5112
2020-04-16	0.0000	0.4208	0.4978
2020-04-17	0.0000	0.4270	0.4826
2020-04-18	0.0000	0.3433	0.4648
2020-04-19	0.0163	0.2988	0.4531
2020-04-20	0.0113	0.1732	0.4380
2020-04-21	0.0000	0.3296	0.4203
2020-04-22	0.0000	0.4163	0.4010
2020-04-23	0.0000	0.3836	0.3808
2020-04-24	0.0000	0.4201	0.3635
2020-04-25	0.0088	0.1885	0.3535
2020-04-26	0.0000	0.3138	0.3414
2020-04-27	0.0357	0.2969	0.3608
2020-04-28	0.0382	0.2347	0.3543
2020-04-29	0.2525	0.1149	0.4571
2020-04-30	0.1328	0.1925	0.5218
2020-05-01	0.1309	0.1948	0.5333
2020-05-02	0.1792	0.1247	0.5370
2020-05-03	0.0013	0.3351	0.5381
2020-05-04	0.0338	0.2308	0.5285
2020-05-05	0.1817	0.1000	0.5375
2020-05-06	0.0025	0.2601	0.5447
